{
    "elapsed_time": 1593.1489312480007,
    "num_requests": 500,
    "total_num_tokens": 371088,
    "requests_per_second": 0.31384385363666073,
    "tokens_per_second": 232.92737591664232
}