{
    "elapsed_time": 822.5147916770002,
    "num_requests": 500,
    "total_num_tokens": 371088,
    "requests_per_second": 0.6078918033565881,
    "tokens_per_second": 451.1627070479791
}