{
    "elapsed_time": 617.9308551069989,
    "num_requests": 500,
    "total_num_tokens": 367735,
    "requests_per_second": 0.8091520205985209,
    "tokens_per_second": 595.1070365895941
}