{
    "elapsed_time": 458.99701361799816,
    "num_requests": 500,
    "total_num_tokens": 371088,
    "requests_per_second": 1.0893317062322474,
    "tokens_per_second": 808.4758484046243
}