{
    "elapsed_time": 459.095716582,
    "num_requests": 500,
    "total_num_tokens": 367735,
    "requests_per_second": 1.0890975061203692,
    "tokens_per_second": 800.9985428263478
}