{
    "elapsed_time": 121.02243402700003,
    "num_requests": 500,
    "total_num_tokens": 361361,
    "requests_per_second": 4.131465409863186,
    "tokens_per_second": 2985.900943947141
}