{
    "elapsed_time": 453.475107414999,
    "num_requests": 500,
    "total_num_tokens": 367735,
    "requests_per_second": 1.10259635385548,
    "tokens_per_second": 810.9265403700898
}