{
    "elapsed_time": 976.4889026170003,
    "num_requests": 500,
    "total_num_tokens": 367735,
    "requests_per_second": 0.5120385891329587,
    "tokens_per_second": 376.58902114961717
}