{
    "elapsed_time": 638.7664672719998,
    "num_requests": 500,
    "total_num_tokens": 367735,
    "requests_per_second": 0.7827586850877847,
    "tokens_per_second": 575.695530121513
}