{
    "elapsed_time": 455.457358063999,
    "num_requests": 500,
    "total_num_tokens": 367735,
    "requests_per_second": 1.097797611889151,
    "tokens_per_second": 807.3972096161139
}