{
    "elapsed_time": 930.3560086109992,
    "num_requests": 500,
    "total_num_tokens": 367735,
    "requests_per_second": 0.5374286782395149,
    "tokens_per_second": 395.262669984816
}