{
    "elapsed_time": 615.9993890379992,
    "num_requests": 500,
    "total_num_tokens": 367735,
    "requests_per_second": 0.811689116738972,
    "tokens_per_second": 596.9729946880118
}