{
    "elapsed_time": 608.637546815,
    "num_requests": 500,
    "total_num_tokens": 371088,
    "requests_per_second": 0.8215069915033993,
    "tokens_per_second": 609.7027729260269
}