{
    "elapsed_time": 508.0733438169991,
    "num_requests": 500,
    "total_num_tokens": 371088,
    "requests_per_second": 0.9841098850879549,
    "tokens_per_second": 730.382738075038
}