{
    "elapsed_time": 416.1938131709976,
    "num_requests": 500,
    "total_num_tokens": 367735,
    "requests_per_second": 1.2013633652804199,
    "tokens_per_second": 883.5667142627904
}